Title,URL
Rust Blog,https://blog.rust-lang.org/
Rust,https://www.rust-lang.org
Install,https://www.rust-lang.org/tools/install
Learn,https://www.rust-lang.org/learn
Tools,https://www.rust-lang.org/tools
Governance,https://www.rust-lang.org/governance
Community,https://www.rust-lang.org/community
Rust teams,https://www.rust-lang.org/governance/
"the ""Inside Rust"" blog",https://blog.rust-lang.org/inside-rust/
release announcements,https://blog.rust-lang.org/releases/
crates.io: development update,https://blog.rust-lang.org/2025/07/11/crates-io-development-update-2025-07/
Stabilizing naked functions,https://blog.rust-lang.org/2025/07/03/stabilizing-naked-functions/
Announcing Rust 1.88.0,https://blog.rust-lang.org/2025/06/26/Rust-1.88.0/
May Project Goals Update,https://blog.rust-lang.org/2025/06/20/may-project-goals-update/
Rust compiler performance survey 2025,https://blog.rust-lang.org/2025/06/16/rust-compiler-performance-survey-2025/
Demoting i686-pc-windows-gnu to Tier 2,https://blog.rust-lang.org/2025/05/26/demoting-i686-pc-windows-gnu/
April Project Goals Update,https://blog.rust-lang.org/2025/05/26/april-project-goals-update/
Announcing Rust 1.87.0 and ten years of Rust!,https://blog.rust-lang.org/2025/05/15/Rust-1.87.0/
Announcing Google Summer of Code 2025 selected projects,https://blog.rust-lang.org/2025/05/08/gsoc-2025-selected-projects/
Announcing rustup 1.28.2,https://blog.rust-lang.org/2025/05/05/Rustup-1.28.2/
crates.io security incident: improperly stored session cookies,https://blog.rust-lang.org/2025/04/11/crates-io-security-session-cookies/
March Project Goals Update,https://blog.rust-lang.org/2025/04/08/Project-Goals-2025-March-Update/
Help us create a vision for Rust's future,https://blog.rust-lang.org/2025/04/04/vision-doc-survey/
C ABI Changes for `wasm32-unknown-unknown`,https://blog.rust-lang.org/2025/04/04/c-abi-changes-for-wasm32-unknown-unknown/
Announcing Rust 1.86.0,https://blog.rust-lang.org/2025/04/03/Rust-1.86.0/
Adopting the FLS,https://blog.rust-lang.org/2025/03/26/adopting-the-fls/
Announcing Rust 1.85.1,https://blog.rust-lang.org/2025/03/18/Rust-1.85.1/
Announcing rustup 1.28.1,https://blog.rust-lang.org/2025/03/04/Rustup-1.28.1/
Rust participates in Google Summer of Code 2025,https://blog.rust-lang.org/2025/03/03/Rust-participates-in-GSoC-2025/
February Project Goals Update,https://blog.rust-lang.org/2025/03/03/Project-Goals-Feb-Update/
Announcing Rustup 1.28.0,https://blog.rust-lang.org/2025/03/02/Rustup-1.28.0/
Announcing Rust 1.85.0 and Rust 2024,https://blog.rust-lang.org/2025/02/20/Rust-1.85.0/
2024 State of Rust Survey Results,https://blog.rust-lang.org/2025/02/13/2024-State-Of-Rust-Survey-results/
crates.io: development update,https://blog.rust-lang.org/2025/02/05/crates-io-development-update/
Announcing Rust 1.84.1,https://blog.rust-lang.org/2025/01/30/Rust-1.84.1/
December Project Goals Update,https://blog.rust-lang.org/2025/01/23/Project-Goals-Dec-Update/
Rust 2024 in beta channel,https://blog.rust-lang.org/2025/01/22/rust-2024-beta/
Announcing Rust 1.84.0,https://blog.rust-lang.org/2025/01/09/Rust-1.84.0/
November project goals update,https://blog.rust-lang.org/2024/12/16/project-goals-nov-update/
Launching the 2024 State of Rust Survey,https://blog.rust-lang.org/2024/12/05/annual-survey-2024-launch/
Announcing Rust 1.83.0,https://blog.rust-lang.org/2024/11/28/Rust-1.83.0/
Rust 2024 call for testing,https://blog.rust-lang.org/2024/11/27/Rust-2024-public-testing/
The wasm32-wasip2 Target Has Reached Tier 2 Support,https://blog.rust-lang.org/2024/11/26/wasip2-tier-2/
Google Summer of Code 2024 results,https://blog.rust-lang.org/2024/11/07/gsoc-2024-results/
gccrs: An alternative compiler for Rust,https://blog.rust-lang.org/2024/11/07/gccrs-an-alternative-compiler-for-rust/
Next Steps on the Rust Trademark Policy,https://blog.rust-lang.org/2024/11/06/trademark-update/
October project goals update,https://blog.rust-lang.org/2024/10/31/project-goals-oct-update/
Announcing Rust 1.82.0,https://blog.rust-lang.org/2024/10/17/Rust-1.82.0/
WebAssembly targets: change in default target-features,https://blog.rust-lang.org/2024/09/24/webassembly-targets-change-in-default-target-features/
September Project Goals Update,https://blog.rust-lang.org/2024/09/23/Project-Goals-Sep-Update/
Changes to `impl Trait` in Rust 2024,https://blog.rust-lang.org/2024/09/05/impl-trait-capture-rules/
Announcing Rust 1.81.0,https://blog.rust-lang.org/2024/09/05/Rust-1.81.0/
Security advisory for the standard library (CVE-2024-43402),https://blog.rust-lang.org/2024/09/04/cve-2024-43402/
2024 Leadership Council Survey,https://blog.rust-lang.org/2024/08/26/council-survey/
Rust Project goals for 2024,https://blog.rust-lang.org/2024/08/12/Project-goals/
Announcing Rust 1.80.1,https://blog.rust-lang.org/2024/08/08/Rust-1.80.1/
crates.io: development update,https://blog.rust-lang.org/2024/07/29/crates-io-development-update/
Announcing Rust 1.80.0,https://blog.rust-lang.org/2024/07/25/Rust-1.80.0/
Types Team Update and Roadmap,https://blog.rust-lang.org/2024/06/26/types-team-update/
Announcing Rust 1.79.0,https://blog.rust-lang.org/2024/06/13/Rust-1.79.0/
Faster linking times on nightly on Linux using `rust-lld`,https://blog.rust-lang.org/2024/05/17/enabling-rust-lld-on-linux/
Rust participates in OSPP 2024,https://blog.rust-lang.org/2024/05/07/OSPP-2024/
Automatic checking of cfgs at compile-time,https://blog.rust-lang.org/2024/05/06/check-cfg/
Announcing Rustup 1.27.1,https://blog.rust-lang.org/2024/05/06/Rustup-1.27.1/
Announcing Rust 1.78.0,https://blog.rust-lang.org/2024/05/02/Rust-1.78.0/
Announcing Google Summer of Code 2024 selected projects,https://blog.rust-lang.org/2024/05/01/gsoc-2024-selected-projects/
Changes to Rust's WASI targets,https://blog.rust-lang.org/2024/04/09/updates-to-rusts-wasi-targets/
Security advisory for the standard library (CVE-2024-24576),https://blog.rust-lang.org/2024/04/09/cve-2024-24576/
Announcing Rust 1.77.2,https://blog.rust-lang.org/2024/04/09/Rust-1.77.2/
Changes to `u128`/`i128` layout in 1.77 and 1.78,https://blog.rust-lang.org/2024/03/30/i128-layout-update/
Announcing Rust 1.77.1,https://blog.rust-lang.org/2024/03/28/Rust-1.77.1/
Announcing Rust 1.77.0,https://blog.rust-lang.org/2024/03/21/Rust-1.77.0/
crates.io: Download changes,https://blog.rust-lang.org/2024/03/11/crates-io-download-changes/
Announcing Rustup 1.27.0,https://blog.rust-lang.org/2024/03/11/Rustup-1.27.0/
"Clippy: Deprecating `feature = ""cargo-clippy""`",https://blog.rust-lang.org/2024/02/28/Clippy-deprecating-feature-cargo-clippy/
Updated baseline standards for Windows targets,https://blog.rust-lang.org/2024/02/26/Windows-7/
Rust participates in Google Summer of Code 2024,https://blog.rust-lang.org/2024/02/21/Rust-participates-in-GSoC-2024/
2023 Annual Rust Survey Results,https://blog.rust-lang.org/2024/02/19/2023-Rust-Annual-Survey-2023-results/
Announcing Rust 1.76.0,https://blog.rust-lang.org/2024/02/08/Rust-1.76.0/
crates.io: API status code changes,https://blog.rust-lang.org/2024/02/06/crates-io-status-codes/
Announcing Rust 1.75.0,https://blog.rust-lang.org/2023/12/28/Rust-1.75.0/
Announcing `async fn` and return-position `impl Trait` in traits,https://blog.rust-lang.org/2023/12/21/async-fn-rpit-in-traits/
Launching the 2023 State of Rust Survey,https://blog.rust-lang.org/2023/12/18/survey-launch/
A Call for Proposals for the Rust 2024 Edition,https://blog.rust-lang.org/2023/12/15/2024-Edition-CFP/
Cargo cache cleaning,https://blog.rust-lang.org/2023/12/11/cargo-cache-cleaning/
Announcing Rust 1.74.1,https://blog.rust-lang.org/2023/12/07/Rust-1.74.1/
Announcing Rust 1.74.0,https://blog.rust-lang.org/2023/11/16/Rust-1.74.0/
Faster compilation with the parallel front-end in nightly,https://blog.rust-lang.org/2023/11/09/parallel-rustc/
crates.io: Dropping support for non-canonical downloads,https://blog.rust-lang.org/2023/10/27/crates-io-non-canonical-downloads/
"A tale of broken badges and 23,000 features",https://blog.rust-lang.org/2023/10/26/broken-badges-and-23k-keywords/
Announcing the New Rust Project Directors,https://blog.rust-lang.org/2023/10/19/announcing-the-new-rust-project-directors/
Announcing Rust 1.73.0,https://blog.rust-lang.org/2023/10/05/Rust-1.73.0/
Increasing the minimum supported Apple platform versions,https://blog.rust-lang.org/2023/09/25/Increasing-Apple-Version-Requirements/
crates.io Policy Update RFC,https://blog.rust-lang.org/2023/09/22/crates-io-usage-policy-rfc/
Announcing Rust 1.72.1,https://blog.rust-lang.org/2023/09/19/Rust-1.72.1/
Electing New Project Directors,https://blog.rust-lang.org/2023/08/30/electing-new-project-directors/
Change in Guidance on Committing Lockfiles,https://blog.rust-lang.org/2023/08/29/committing-lockfiles/
Announcing Rust 1.72.0,https://blog.rust-lang.org/2023/08/24/Rust-1.72.0/
2022 Annual Rust Survey Results,https://blog.rust-lang.org/2023/08/07/Rust-Survey-2023-Results/
Security advisory for Cargo (CVE-2023-38497),https://blog.rust-lang.org/2023/08/03/cve-2023-38497/
Announcing Rust 1.71.1,https://blog.rust-lang.org/2023/08/03/Rust-1.71.1/
Announcing Rust 1.71.0,https://blog.rust-lang.org/2023/07/13/Rust-1.71.0/
Announcing regex 1.9,https://blog.rust-lang.org/2023/07/05/regex-1.9/
Rustfmt support for let-else statements,https://blog.rust-lang.org/2023/07/01/rustfmt-supports-let-else-statements/
Improved API tokens for crates.io,https://blog.rust-lang.org/2023/06/23/improved-api-tokens-for-crates-io/
Introducing the Rust Leadership Council,https://blog.rust-lang.org/2023/06/20/introducing-leadership-council/
Announcing Rust 1.70.0,https://blog.rust-lang.org/2023/06/01/Rust-1.70.0/
On the RustConf keynote,https://blog.rust-lang.org/2023/05/29/RustConf/
Updating Rust's Linux musl targets,https://blog.rust-lang.org/2023/05/09/Updating-musl-targets/
Announcing Rustup 1.26.0,https://blog.rust-lang.org/2023/04/25/Rustup-1.26.0/
Announcing Rust 1.69.0,https://blog.rust-lang.org/2023/04/20/Rust-1.69.0/
Announcing Rust 1.68.2,https://blog.rust-lang.org/2023/03/28/Rust-1.68.2/
Announcing Rust 1.68.1,https://blog.rust-lang.org/2023/03/23/Rust-1.68.1/
Announcing Rust 1.68.0,https://blog.rust-lang.org/2023/03/09/Rust-1.68.0/
Announcing Rust 1.67.1,https://blog.rust-lang.org/2023/02/09/Rust-1.67.1/
Announcing Rustup 1.25.2,https://blog.rust-lang.org/2023/02/01/Rustup-1.25.2/
Announcing Rust 1.67.0,https://blog.rust-lang.org/2023/01/26/Rust-1.67.0/
Officially announcing the types team,https://blog.rust-lang.org/2023/01/20/types-announcement/
Security advisory for Cargo (CVE-2022-46176),https://blog.rust-lang.org/2023/01/10/cve-2022-46176/
Announcing Rust 1.66.1,https://blog.rust-lang.org/2023/01/10/Rust-1.66.1/
Updating the Android NDK in Rust 1.68,https://blog.rust-lang.org/2023/01/09/android-ndk-update-r25/
Announcing Rust 1.66.0,https://blog.rust-lang.org/2022/12/15/Rust-1.66.0/
Launching the 2022 State of Rust Survey,https://blog.rust-lang.org/2022/12/05/survey-launch/
Announcing Rust 1.65.0,https://blog.rust-lang.org/2022/11/03/Rust-1.65.0/
Generic associated types to be stable in Rust 1.65,https://blog.rust-lang.org/2022/10/28/gats-stabilization/
Announcing Rust 1.64.0,https://blog.rust-lang.org/2022/09/22/Rust-1.64.0/
Const Eval (Un)Safety Rules,https://blog.rust-lang.org/2022/09/15/const-eval-safety-rule-revision/
"Security advisories for Cargo (CVE-2022-36113, CVE-2022-36114)",https://blog.rust-lang.org/2022/09/14/cargo-cves/
Announcing Rust 1.63.0,https://blog.rust-lang.org/2022/08/11/Rust-1.63.0/
Non-lexical lifetimes (NLL) fully stable,https://blog.rust-lang.org/2022/08/05/nll-by-default/
Increasing the glibc and Linux kernel requirements,https://blog.rust-lang.org/2022/08/01/Increasing-glibc-kernel-requirements/
Announcing Rust 1.62.1,https://blog.rust-lang.org/2022/07/19/Rust-1.62.1/
Changes in the Core Team,https://blog.rust-lang.org/2022/07/12/changes-in-the-core-team/
Announcing Rustup 1.25.1,https://blog.rust-lang.org/2022/07/12/Rustup-1.25.1/
Announcing Rustup 1.25.0,https://blog.rust-lang.org/2022/07/11/Rustup-1.25.0/
RLS Deprecation,https://blog.rust-lang.org/2022/07/01/RLS-deprecation/
Announcing Rust 1.62.0,https://blog.rust-lang.org/2022/06/30/Rust-1.62.0/
Announcing The RustConf PostConf UnConf,https://blog.rust-lang.org/2022/06/28/rust-unconference/
Call for testing: Cargo sparse-registry,https://blog.rust-lang.org/2022/06/22/sparse-registry-testing/
Announcing Rust 1.61.0,https://blog.rust-lang.org/2022/05/19/Rust-1.61.0/
Security advisory: malicious crate rustdecimal,https://blog.rust-lang.org/2022/05/10/malicious-crate-rustdecimal/
Announcing Rust 1.60.0,https://blog.rust-lang.org/2022/04/07/Rust-1.60.0/
Security advisory for the regex crate (CVE-2022-24713),https://blog.rust-lang.org/2022/03/08/cve-2022-24713/
Announcing Rust 1.59.0,https://blog.rust-lang.org/2022/02/24/Rust-1.59.0/
rust-analyzer joins the Rust organization!,https://blog.rust-lang.org/2022/02/21/rust-analyzer-joins-rust-org/
Rust Survey 2021 Results,https://blog.rust-lang.org/2022/02/15/Rust-Survey-2021/
Crates.io Index Snapshot Branches Moving,https://blog.rust-lang.org/2022/02/14/crates-io-snapshot-branches/
Changes in the Core Team,https://blog.rust-lang.org/2022/01/31/changes-in-the-core-team/
Security advisory for the standard library (CVE-2022-21658),https://blog.rust-lang.org/2022/01/20/cve-2022-21658/
Announcing Rust 1.58.1,https://blog.rust-lang.org/2022/01/20/Rust-1.58.1/
Announcing Rust 1.58.0,https://blog.rust-lang.org/2022/01/13/Rust-1.58.0/
Launching the 2021 State of Rust Survey,https://blog.rust-lang.org/2021/12/08/survey-launch/
Announcing Rust 1.57.0,https://blog.rust-lang.org/2021/12/02/Rust-1.57.0/
Security advisory for rustc (CVE-2021-42574),https://blog.rust-lang.org/2021/11/01/cve-2021-42574/
Announcing Rust 1.56.1,https://blog.rust-lang.org/2021/11/01/Rust-1.56.1/
Announcing Rust 1.56.0 and Rust 2021,https://blog.rust-lang.org/2021/10/21/Rust-1.56.0/
Core team membership updates,https://blog.rust-lang.org/2021/09/27/Core-team-membership-updates/
Announcing Rust 1.55.0,https://blog.rust-lang.org/2021/09/09/Rust-1.55.0/
The push for GATs stabilization,https://blog.rust-lang.org/2021/08/03/GATs-stabilization-push/
Announcing Rust 1.54.0,https://blog.rust-lang.org/2021/07/29/Rust-1.54.0/
Rust 2021 public testing period,https://blog.rust-lang.org/2021/07/21/Rust-2021-public-testing/
Announcing Rust 1.53.0,https://blog.rust-lang.org/2021/06/17/Rust-1.53.0/
Announcing Rustup 1.24.3,https://blog.rust-lang.org/2021/06/08/Rustup-1.24.3/
Announcing Rustup 1.24.2,https://blog.rust-lang.org/2021/05/17/Rustup-1.24.2/
Six Years of Rust,https://blog.rust-lang.org/2021/05/15/six-years-of-rust/
The Plan for the Rust 2021 Edition,https://blog.rust-lang.org/2021/05/11/edition-2021/
Announcing Rust 1.52.1,https://blog.rust-lang.org/2021/05/10/Rust-1.52.1/
Announcing Rust 1.52.0,https://blog.rust-lang.org/2021/05/06/Rust-1.52.0/
Announcing Rustup 1.24.1,https://blog.rust-lang.org/2021/04/29/Rustup-1.24.1/
Announcing Rustup 1.24.0,https://blog.rust-lang.org/2021/04/27/Rustup-1.24.0/
Brainstorming Async Rust's Shiny Future,https://blog.rust-lang.org/2021/04/14/async-vision-doc-shiny-future/
Announcing Rust 1.51.0,https://blog.rust-lang.org/2021/03/25/Rust-1.51.0/
Building a shared vision for Async Rust,https://blog.rust-lang.org/2021/03/18/async-vision-doc/
Const generics MVP hits beta!,https://blog.rust-lang.org/2021/02/26/const-generics-mvp-beta/
Announcing Rust 1.50.0,https://blog.rust-lang.org/2021/02/11/Rust-1.50.0/
mdBook security advisory,https://blog.rust-lang.org/2021/01/04/mdbook-security-advisory/
Announcing Rust 1.49.0,https://blog.rust-lang.org/2020/12/31/Rust-1.49.0/
Rust Survey 2020 Results,https://blog.rust-lang.org/2020/12/16/rust-survey-2020/
Next steps for the Foundation Conversation,https://blog.rust-lang.org/2020/12/14/Next-steps-for-the-foundation-conversation/
Launching the Lock Poisoning Survey,https://blog.rust-lang.org/2020/12/11/lock-poisoning-survey/
The Foundation Conversation,https://blog.rust-lang.org/2020/12/07/the-foundation-conversation/
Announcing Rustup 1.23.0,https://blog.rust-lang.org/2020/11/27/Rustup-1.23.0/
Announcing Rust 1.48.0,https://blog.rust-lang.org/2020/11/19/Rust-1.48/
Marking issues as regressions,https://blog.rust-lang.org/2020/10/20/regression-labels/
Announcing Rust 1.47.0,https://blog.rust-lang.org/2020/10/08/Rust-1.47/
Call for 2021 Roadmap Blogs Ending Soon,https://blog.rust-lang.org/2020/09/21/Scheduling-2021-Roadmap/
A call for contributors from the WG-prioritization team,https://blog.rust-lang.org/2020/09/14/wg-prio-call-for-contributors/
Launching the 2020 State of Rust Survey,https://blog.rust-lang.org/2020/09/10/survey-launch/
Planning the 2021 Roadmap,https://blog.rust-lang.org/2020/09/03/Planning-2021-Roadmap/
Announcing Rust 1.46.0,https://blog.rust-lang.org/2020/08/27/Rust-1.46.0/
Laying the foundation for Rust's future,https://blog.rust-lang.org/2020/08/18/laying-the-foundation-for-rusts-future/
Announcing Rust 1.45.2,https://blog.rust-lang.org/2020/08/03/Rust-1.45.2/
Announcing Rust 1.45.1,https://blog.rust-lang.org/2020/07/30/Rust-1.45.1/
Announcing Rust 1.45.0,https://blog.rust-lang.org/2020/07/16/Rust-1.45.0/
crates.io security advisory,https://blog.rust-lang.org/2020/07/14/crates-io-security-advisory/
Announcing Rustup 1.22.1,https://blog.rust-lang.org/2020/07/08/Rustup-1.22.1/
Announcing Rustup 1.22.0,https://blog.rust-lang.org/2020/07/06/Rustup-1.22.0/
Announcing Rust 1.44.1,https://blog.rust-lang.org/2020/06/18/Rust.1.44.1/
2020 Event Lineup - Update,https://blog.rust-lang.org/2020/06/10/event-lineup-update/
Announcing Rust 1.44.0,https://blog.rust-lang.org/2020/06/04/Rust-1.44.0/
Five Years of Rust,https://blog.rust-lang.org/2020/05/15/five-years-of-rust/
Announcing Rust 1.43.1,https://blog.rust-lang.org/2020/05/07/Rust.1.43.1/
Announcing Rust 1.43.0,https://blog.rust-lang.org/2020/04/23/Rust-1.43.0/
Rust Survey 2019 Results,https://blog.rust-lang.org/2020/04/17/Rust-survey-2019/
docs.rs now allows you to choose your build targets,https://blog.rust-lang.org/2020/03/15/docs-rs-opt-into-fewer-targets/
Announcing Rust 1.42.0,https://blog.rust-lang.org/2020/03/12/Rust-1.42/
The 2020 RustConf CFP is Now Open!,https://blog.rust-lang.org/2020/03/10/rustconf-cfp/
Announcing Rust 1.41.1,https://blog.rust-lang.org/2020/02/27/Rust-1.41.1/
The 2020 Rust Event Lineup,https://blog.rust-lang.org/2020/01/31/conf-lineup/
Announcing Rust 1.41.0,https://blog.rust-lang.org/2020/01/30/Rust-1.41.0/
Reducing support for 32-bit Apple targets,https://blog.rust-lang.org/2020/01/03/reducing-support-for-32-bit-apple-targets/
Announcing Rust 1.40.0,https://blog.rust-lang.org/2019/12/19/Rust-1.40.0/
Launching the 2019 State of Rust Survey,https://blog.rust-lang.org/2019/12/03/survey-launch/
Announcing Rust 1.39.0,https://blog.rust-lang.org/2019/11/07/Rust-1.39.0/
Async-await on stable Rust!,https://blog.rust-lang.org/2019/11/07/Async-await-stable/
Completing the transition to the new borrow checker,https://blog.rust-lang.org/2019/11/01/nll-hard-errors/
A call for blogs 2020,https://blog.rust-lang.org/2019/10/29/A-call-for-blogs-2020/
Announcing Rustup 1.20.0,https://blog.rust-lang.org/2019/10/15/Rustup-1.20.0/
Announcing the Inside Rust blog,https://blog.rust-lang.org/2019/10/03/inside-rust-blog/
Security advisory for Cargo,https://blog.rust-lang.org/2019/09/30/Security-advisory-for-cargo/
Async-await hits beta!,https://blog.rust-lang.org/2019/09/30/Async-await-hits-beta/
Announcing Rust 1.38.0,https://blog.rust-lang.org/2019/09/26/Rust-1.38.0/
Upcoming docs.rs changes,https://blog.rust-lang.org/2019/09/18/upcoming-docsrs-changes/
Announcing Rust 1.37.0,https://blog.rust-lang.org/2019/08/15/Rust-1.37.0/
Announcing Rust 1.36.0,https://blog.rust-lang.org/2019/07/04/Rust-1.36.0/
The Governance WG is going public,https://blog.rust-lang.org/2019/06/03/governance-wg-announcement/
Announcing Rust 1.35.0,https://blog.rust-lang.org/2019/05/23/Rust-1.35.0/
The 2019 Rust Event Lineup,https://blog.rust-lang.org/2019/05/20/The-2019-Rust-Event-Lineup/
4 years of Rust,https://blog.rust-lang.org/2019/05/15/4-Years-Of-Rust/
Announcing Rust 1.34.2,https://blog.rust-lang.org/2019/05/14/Rust-1.34.2/
Security advisory for the standard library,https://blog.rust-lang.org/2019/05/13/Security-advisory/
Mozilla IRC Sunset and the Rust Channel,https://blog.rust-lang.org/2019/04/26/Mozilla-IRC-Sunset-and-the-Rust-Channel/
Announcing Rust 1.34.1,https://blog.rust-lang.org/2019/04/25/Rust-1.34.1/
Rust's 2019 roadmap,https://blog.rust-lang.org/2019/04/23/roadmap/
Announcing Rust 1.34.0,https://blog.rust-lang.org/2019/04/11/Rust-1.34.0/
Announcing Rust 1.33.0,https://blog.rust-lang.org/2019/02/28/Rust-1.33.0/
Changes in the core team,https://blog.rust-lang.org/2019/02/22/Core-team-changes/
Announcing Rust 1.32.0,https://blog.rust-lang.org/2019/01/17/Rust-1.32.0/
Procedural Macros in Rust 2018,https://blog.rust-lang.org/2018/12/21/Procedural-Macros-in-Rust-2018/
Announcing Rust 1.31.1,https://blog.rust-lang.org/2018/12/20/Rust-1.31.1/
Tools in the 2018 edition,https://blog.rust-lang.org/2018/12/17/Rust-2018-dev-tools/
A call for Rust 2019 Roadmap blog posts,https://blog.rust-lang.org/2018/12/06/call-for-rust-2019-roadmap-blogposts/
Announcing Rust 1.31 and Rust 2018,https://blog.rust-lang.org/2018/12/06/Rust-1.31-and-rust-2018/
A new look for rust-lang.org,https://blog.rust-lang.org/2018/11/29/a-new-look-for-rust-lang-org/
Rust Survey 2018 Results,https://blog.rust-lang.org/2018/11/27/Rust-survey-2018/
Announcing Rust 1.30.1,https://blog.rust-lang.org/2018/11/08/Rust-1.30.1/
Help test Rust 2018,https://blog.rust-lang.org/2018/10/30/help-test-rust-2018/
Announcing Rust 1.30,https://blog.rust-lang.org/2018/10/25/Rust-1.30.0/
"Update on the October 15, 2018 incident on crates.io",https://blog.rust-lang.org/2018/10/19/Update-on-crates.io-incident/
Announcing Rust 1.29.2,https://blog.rust-lang.org/2018/10/12/Rust-1.29.2/
Announcing Rust 1.29.1,https://blog.rust-lang.org/2018/09/25/Rust-1.29.1/
Security advisory for the standard library,https://blog.rust-lang.org/2018/09/21/Security-advisory-for-std/
Announcing Rust 1.29,https://blog.rust-lang.org/2018/09/13/Rust-1.29/
Launching the 2018 State of Rust Survey,https://blog.rust-lang.org/2018/08/08/survey/
Announcing Rust 1.28,https://blog.rust-lang.org/2018/08/02/Rust-1.28/
What is Rust 2018?,https://blog.rust-lang.org/2018/07/27/what-is-rust-2018/
Announcing Rust 1.27.2,https://blog.rust-lang.org/2018/07/20/Rust-1.27.2/
Announcing Rust 1.27.1,https://blog.rust-lang.org/2018/07/10/Rust-1.27.1/
Security Advisory for rustdoc,https://blog.rust-lang.org/2018/07/06/security-advisory-for-rustdoc/
Announcing Rust 1.27,https://blog.rust-lang.org/2018/06/21/Rust-1.27/
Announcing Rust 1.26.2,https://blog.rust-lang.org/2018/06/05/Rust-1.26.2/
Announcing Rust 1.26.1,https://blog.rust-lang.org/2018/05/29/Rust-1.26.1/
Rust turns three,https://blog.rust-lang.org/2018/05/15/Rust-turns-three/
Announcing Rust 1.26,https://blog.rust-lang.org/2018/05/10/Rust-1.26/
The Rust Team All Hands in Berlin: a Recap,https://blog.rust-lang.org/2018/04/06/all-hands/
Increasing Rust’s Reach 2018,https://blog.rust-lang.org/2018/04/02/Increasing-Rusts-Reach-2018/
Announcing Rust 1.25,https://blog.rust-lang.org/2018/03/29/Rust-1.25/
Rust's 2018 roadmap,https://blog.rust-lang.org/2018/03/12/roadmap/
Announcing Rust 1.24.1,https://blog.rust-lang.org/2018/03/01/Rust-1.24.1/
Announcing Rust 1.24,https://blog.rust-lang.org/2018/02/15/Rust-1.24/
The 2018 Rust Event Lineup,https://blog.rust-lang.org/2018/01/31/The-2018-Rust-Event-Lineup/
Announcing Rust 1.23,https://blog.rust-lang.org/2018/01/04/Rust-1.23/
New Year's Rust: A Call for Community Blogposts,https://blog.rust-lang.org/2018/01/03/new-years-rust-a-call-for-community-blogposts/
Rust in 2017: what we achieved,https://blog.rust-lang.org/2017/12/21/rust-in-2017/
Announcing Rust 1.22 (and 1.22.1),https://blog.rust-lang.org/2017/11/22/Rust-1.22/
Fearless Concurrency in Firefox Quantum,https://blog.rust-lang.org/2017/11/14/Fearless-Concurrency-In-Firefox-Quantum/
Announcing Rust 1.21,https://blog.rust-lang.org/2017/10/12/Rust-1.21/
impl Future for Rust,https://blog.rust-lang.org/2017/09/18/impl-future-for-rust/
Rust 2017 Survey Results,https://blog.rust-lang.org/2017/09/05/Rust-2017-Survey-Results/
Announcing Rust 1.20,https://blog.rust-lang.org/2017/08/31/Rust-1.20/
Announcing Rust 1.19,https://blog.rust-lang.org/2017/07/20/Rust-1.19/
The 2017 Rust Conference Lineup,https://blog.rust-lang.org/2017/07/18/conf-lineup/
"Rust's 2017 roadmap, six months in",https://blog.rust-lang.org/2017/07/05/Rust-Roadmap-Update/
Increasing Rust’s Reach,https://blog.rust-lang.org/2017/06/27/Increasing-Rusts-Reach/
Announcing Rust 1.18,https://blog.rust-lang.org/2017/06/08/Rust-1.18/
Two years of Rust,https://blog.rust-lang.org/2017/05/15/rust-at-two-years/
The Rust Libz Blitz,https://blog.rust-lang.org/2017/05/05/libz-blitz/
Launching the 2017 State of Rust Survey,https://blog.rust-lang.org/2017/05/03/survey/
Announcing Rust 1.17,https://blog.rust-lang.org/2017/04/27/Rust-1.17/
Announcing Rust 1.16,https://blog.rust-lang.org/2017/03/16/Rust-1.16/
Rust's language ergonomics initiative,https://blog.rust-lang.org/2017/03/02/lang-ergonomics/
Announcing Rust 1.15.1,https://blog.rust-lang.org/2017/02/09/Rust-1.15.1/
Rust's 2017 roadmap,https://blog.rust-lang.org/2017/02/06/roadmap/
Announcing Rust 1.15,https://blog.rust-lang.org/2017/02/02/Rust-1.15/
Announcing Rust 1.14,https://blog.rust-lang.org/2016/12/22/Rust-1.14/
Announcing the First Underhanded Rust Contest,https://blog.rust-lang.org/2016/12/15/Underhanded-Rust/
Announcing Rust 1.13,https://blog.rust-lang.org/2016/11/10/Rust-1.13/
Announcing Rust 1.12.1,https://blog.rust-lang.org/2016/10/20/Rust-1.12.1/
Announcing Rust 1.12,https://blog.rust-lang.org/2016/09/29/Rust-1.12/
Incremental Compilation,https://blog.rust-lang.org/2016/09/08/incremental/
Announcing Rust 1.11,https://blog.rust-lang.org/2016/08/18/Rust-1.11/
Shape of errors to come,https://blog.rust-lang.org/2016/08/10/Shape-of-errors-to-come/
The 2016 Rust Conference Lineup,https://blog.rust-lang.org/2016/07/25/conf-lineup/
Announcing Rust 1.10,https://blog.rust-lang.org/2016/07/07/Rust-1.10/
State of Rust Survey 2016,https://blog.rust-lang.org/2016/06/30/State-of-Rust-Survey-2016/
Announcing Rust 1.9,https://blog.rust-lang.org/2016/05/26/Rust-1.9/
One year of Rust,https://blog.rust-lang.org/2016/05/16/rust-at-one-year/
Taking Rust everywhere with rustup,https://blog.rust-lang.org/2016/05/13/rustup/
Launching the 2016 State of Rust Survey,https://blog.rust-lang.org/2016/05/09/survey/
Cargo: predictable dependency management,https://blog.rust-lang.org/2016/05/05/cargo-pillars/
Introducing MIR,https://blog.rust-lang.org/2016/04/19/MIR/
Announcing Rust 1.8,https://blog.rust-lang.org/2016/04/14/Rust-1.8/
Announcing Rust 1.7,https://blog.rust-lang.org/2016/03/02/Rust-1.7/
Announcing Rust 1.6,https://blog.rust-lang.org/2016/01/21/Rust-1.6/
Announcing Rust 1.5,https://blog.rust-lang.org/2015/12/10/Rust-1.5/
Announcing Rust 1.4,https://blog.rust-lang.org/2015/10/29/Rust-1.4/
Announcing Rust 1.3,https://blog.rust-lang.org/2015/09/17/Rust-1.3/
Rust in 2016,https://blog.rust-lang.org/2015/08/14/Next-year/
Announcing Rust 1.2,https://blog.rust-lang.org/2015/08/06/Rust-1.2/
"Rust 1.1 stable, the Community Subteam, and RustCamp",https://blog.rust-lang.org/2015/06/25/Rust-1.1/
Announcing Rust 1.0,https://blog.rust-lang.org/2015/05/15/Rust-1.0/
Abstraction without overhead: traits in Rust,https://blog.rust-lang.org/2015/05/11/traits/
"Rust Once, Run Everywhere",https://blog.rust-lang.org/2015/04/24/Rust-Once-Run-Everywhere/
"Mixing matching, mutation, and moves in Rust",https://blog.rust-lang.org/2015/04/17/Enums-match-mutation-and-moves/
Fearless Concurrency with Rust,https://blog.rust-lang.org/2015/04/10/Fearless-Concurrency/
Announcing Rust 1.0 Beta,https://blog.rust-lang.org/2015/04/03/Rust-1.0-beta/
Announcing Rust 1.0.0.alpha.2,https://blog.rust-lang.org/2015/02/20/Rust-1.0-alpha2/
Rust 1.0: status report and final timeline,https://blog.rust-lang.org/2015/02/13/Final-1.0-timeline/
Announcing Rust 1.0 Alpha,https://blog.rust-lang.org/2015/01/09/Rust-1.0-alpha/
Yehuda Katz and Steve Klabnik are joining the Rust Core Team,https://blog.rust-lang.org/2014/12/12/Core-Team/
Rust 1.0: Scheduling the trains,https://blog.rust-lang.org/2014/12/12/1.0-Timeline/
Cargo: Rust's community crate host,https://blog.rust-lang.org/2014/11/20/Cargo/
Stability as a Deliverable,https://blog.rust-lang.org/2014/10/30/Stability/
Road to Rust 1.0,https://blog.rust-lang.org/2014/09/15/Rust-1.0/
Documentation,https://doc.rust-lang.org
Contact the Rust Team,mailto:core-team@rust-lang.org
Code of Conduct,https://www.rust-lang.org/policies/code-of-conduct
Licenses,https://www.rust-lang.org/policies/licenses
Logo Policy and Media Guide,https://www.rust-lang.org/policies/media-guide
Security Disclosures,https://www.rust-lang.org/policies/security
All Policies,https://www.rust-lang.org/policies
,https://social.rust-lang.org/@rust
,https://bsky.app/profile/rust-lang.org
,https://www.youtube.com/channel/UCaYhcUwRBNscFNUKTjgPFiA
,https://discord.gg/rust-lang
,https://github.com/rust-lang
Main Blog,https://blog.rust-lang.org/feed.xml
"""Inside Rust"" Blog",https://blog.rust-lang.org/inside-rust/feed.xml
Send a fix here,https://github.com/rust-lang/blog.rust-lang.org
